S,I,R,V,-2,-1,1,2,days,w,b
0.004850,0.000000,0.675820,0.319330,0.005630,0.004570,0.006510,0.983290,126,0.000000,0.100000
0.001900,0.000000,0.891630,0.106470,0.005550,0.004460,0.034640,0.955350,71,0.000000,0.200000
0.001460,0.000000,0.969430,0.029110,0.005760,0.005310,0.124640,0.864290,45,0.000000,0.400000
0.003350,0.000000,0.979180,0.017470,0.006680,0.010930,0.247660,0.734730,32,0.000000,0.600000
0.005210,0.000000,0.980080,0.014710,0.009540,0.045430,0.360540,0.584490,25,0.000000,0.800000
